{
  "mode": "GeoPOINT",
  "n_total": 50,
  "n_gcp": 5,
  "n_valid": 45,
  "R": [
    [
      0.8065589070320129,
      -0.5861265063285828,
      0.07825364172458649
    ],
    [
      0.591022789478302,
      0.802934467792511,
      -0.07841918617486954
    ],
    [
      -0.016787057742476463,
      0.10932452976703644,
      0.9936906695365906
    ]
  ],
  "t": [
    -2.3666093349456787,
    -13.788872718811035,
    -2.9218969345092773
  ],
  "orthogonality": {
    "dots": {
      "c1\u00b7c2": -2.822259773657687e-05,
      "c1\u00b7c3": 8.750293129666797e-05,
      "c2\u00b7c3": -0.0001972359665818324
    },
    "norms": {
      "||c1||^2": 1.0001270135030378,
      "||c2||^2": 1.0001998937989767,
      "||c3||^2": 0.9996943479275664
    },
    "detR": 1.0000105666094632
  },
  "rmse": {
    "training": {
      "sx": 0.002954378124472123,
      "sy": 0.012801379850247924,
      "sz": 0.0004018696312022257
    },
    "validation": {
      "sx": 0.013289258550704027,
      "sy": 0.013814511047679617,
      "sz": 0.013332392144824257
    }
  }
}